47EE48FD-904F-4EDA-9ED9-C622D1944194,199,2025-04-29T15:10:00
47EE48FD-904F-4EDA-9ED9-C622D1944194,199,2025-04-29T15:15:00
47EE48FD-904F-4EDA-9ED9-C622D1944194,199,2025-04-29T15:20:00
47EE48FD-904F-4EDA-9ED9-C622D1944194,199,2025-04-29T15:25:00
47EE48FD-904F-4EDA-9ED9-C622D1944194,199,2025-04-29T15:30:00
47EE48FD-904F-4EDA-9ED9-C622D1944194,199,2025-04-29T15:40:00
47EE48FD-904F-4EDA-9ED9-C622D1944194,199,2025-04-29T15:40:00
47EE48FD-904F-4EDA-9ED9-C622D1944194,199,2025-04-29T15:40:00
47EE48FD-904F-4EDA-9ED9-C622D1944194,198,2025-04-29T15:10:00
47EE48FD-904F-4EDA-9ED9-C622D1944194,198,2025-04-29T15:15:00
47EE48FD-904F-4EDA-9ED9-C622D1944194,198,2025-04-29T15:20:00
47EE48FD-904F-4EDA-9ED9-C622D1944194,198,2025-04-29T15:25:00
47EE48FD-904F-4EDA-9ED9-C622D1944194,198,2025-04-29T15:30:00
47EE48FD-904F-4EDA-9ED9-C622D1944194,198,2025-04-29T15:40:00
47EE48FD-904F-4EDA-9ED9-C622D1944194,198,2025-04-29T15:40:00
47EE48FD-904F-4EDA-9ED9-C622D1944194,198,2025-04-29T15:40:00
